uid,nombre,username,correo,direccion
36,Jessica Graham,JessicaGraham,Jessica.Graham@gmail.com,"65431 Harris Plaza Apt. 658 Hillhaven, NV 54338"
12,Mrs. Jennifer Herrera,Mrs.Jennifer,Mrs..Jennifer@gmail.com,"789 Cynthia Canyon Suite 606 Robintown, MA 16782"
44,Oscar Caldwell,OscarCaldwell,Oscar.Caldwell@gmail.com,"982 Andrew Underpass Suite 779 New Michaelshire, OH 97878"
32,Darren Gray,DarrenGray,Darren.Gray@gmail.com,"95058 Powers Island Johnsonside, WA 89838"
5,Mark Dalton,MarkDalton,Mark.Dalton@gmail.com,"876 Gabriel Plaza Port Brandonburgh, DC 44886"
35,James Brooks,JamesBrooks,James.Brooks@gmail.com,"701 Tonya Hills Brittanyport, NJ 91013"
17,Vincent Leonard,VincentLeonard,Vincent.Leonard@gmail.com,"08849 Kevin Rapids New Baileytown, WY 45966"
49,Aaron Estrada,AaronEstrada,Aaron.Estrada@gmail.com,"48764 Clark Ramp Bradfordmouth, UT 55780"
24,Nicholas Dunn,NicholasDunn,Nicholas.Dunn@gmail.com,"61079 Thomas Shore Gardnerton, IN 15710"
12,Mrs. Jennifer Herrera,Mrs.Jennifer,Mrs..Jennifer@gmail.com,"789 Cynthia Canyon Suite 606 Robintown, MA 16782"
29,Sheila Hubbard,SheilaHubbard,Sheila.Hubbard@gmail.com,USNV Reyes FPO AE 86453
15,Vernon Gonzales,VernonGonzales,Vernon.Gonzales@gmail.com,"8703 Amy Pike Garciachester, IA 27013"
8,Gregory Jones,GregoryJones,Gregory.Jones@gmail.com,"715 John Falls Apt. 167 Alyssashire, KY 79697"
14,Meredith Lindsey,MeredithLindsey,Meredith.Lindsey@gmail.com,"0125 Pamela Roads Suite 573 Robertview, TN 81130"
2,Chad Holloway,ChadHolloway,Chad.Holloway@gmail.com,"075 Samantha Mews Jeremiahberg, MD 35545"
48,Kenneth Miller,KennethMiller,Kenneth.Miller@gmail.com,"60602 Henderson Fords Apt. 764 North Frankhaven, HI 85863"
3,Phillip Hall,PhillipHall,Phillip.Hall@gmail.com,"9349 Petersen Meadows Jonesland, WY 40858"
23,Charles Esparza,CharlesEsparza,Charles.Esparza@gmail.com,"0680 Adam Key South Chad, HI 15004"
3,Phillip Hall,PhillipHall,Phillip.Hall@gmail.com,"9349 Petersen Meadows Jonesland, WY 40858"
32,Darren Gray,DarrenGray,Darren.Gray@gmail.com,"95058 Powers Island Johnsonside, WA 89838"
18,Joshua Hansen,JoshuaHansen,Joshua.Hansen@gmail.com,Unit 9153 Box 5256 DPO AA 17953
40,Jason Kemp,JasonKemp,Jason.Kemp@gmail.com,"51005 Timothy Underpass Woodsburgh, VA 21674"
3,Phillip Hall,PhillipHall,Phillip.Hall@gmail.com,"9349 Petersen Meadows Jonesland, WY 40858"
26,Brian Duke,BrianDuke,Brian.Duke@gmail.com,"400 Thompson Springs Port Amyland, AR 65691"
8,Gregory Jones,GregoryJones,Gregory.Jones@gmail.com,"715 John Falls Apt. 167 Alyssashire, KY 79697"
9,Karen Conley,KarenConley,Karen.Conley@gmail.com,"1364 Michael Hill Suite 750 Madisontown, CT 37329"
4,Emily Jackson,EmilyJackson,Emily.Jackson@gmail.com,"PSC 0039, Box 7414 APO AE 01858"
16,Jack Myers,JackMyers,Jack.Myers@gmail.com,"3556 Tamara Road Apt. 376 North Maryshire, NC 83844"
26,Brian Duke,BrianDuke,Brian.Duke@gmail.com,"400 Thompson Springs Port Amyland, AR 65691"
45,David Randall,DavidRandall,David.Randall@gmail.com,"PSC 0949, Box 2041 APO AA 71725"
5,Mark Dalton,MarkDalton,Mark.Dalton@gmail.com,"876 Gabriel Plaza Port Brandonburgh, DC 44886"
23,Charles Esparza,CharlesEsparza,Charles.Esparza@gmail.com,"0680 Adam Key South Chad, HI 15004"
26,Brian Duke,BrianDuke,Brian.Duke@gmail.com,"400 Thompson Springs Port Amyland, AR 65691"
20,Justin Gonzalez,JustinGonzalez,Justin.Gonzalez@gmail.com,"6493 Davis Walks Suite 766 New Robert, ME 32152"
4,Emily Jackson,EmilyJackson,Emily.Jackson@gmail.com,"PSC 0039, Box 7414 APO AE 01858"
29,Sheila Hubbard,SheilaHubbard,Sheila.Hubbard@gmail.com,USNV Reyes FPO AE 86453
49,Aaron Estrada,AaronEstrada,Aaron.Estrada@gmail.com,"48764 Clark Ramp Bradfordmouth, UT 55780"
32,Darren Gray,DarrenGray,Darren.Gray@gmail.com,"95058 Powers Island Johnsonside, WA 89838"
38,Debra Franklin,DebraFranklin,Debra.Franklin@gmail.com,"056 Richard Heights Suite 943 Port Kristibury, SD 75378"
14,Meredith Lindsey,MeredithLindsey,Meredith.Lindsey@gmail.com,"0125 Pamela Roads Suite 573 Robertview, TN 81130"
2,Chad Holloway,ChadHolloway,Chad.Holloway@gmail.com,"075 Samantha Mews Jeremiahberg, MD 35545"
10,Matthew Randall,MatthewRandall,Matthew.Randall@gmail.com,"639 Theresa Causeway New Kimberly, OH 15747"
41,Jennifer Smith,JenniferSmith,Jennifer.Smith@gmail.com,"783 Kimberly Court Apt. 695 East Sharon, TN 15847"
14,Meredith Lindsey,MeredithLindsey,Meredith.Lindsey@gmail.com,"0125 Pamela Roads Suite 573 Robertview, TN 81130"
9,Karen Conley,KarenConley,Karen.Conley@gmail.com,"1364 Michael Hill Suite 750 Madisontown, CT 37329"
24,Nicholas Dunn,NicholasDunn,Nicholas.Dunn@gmail.com,"61079 Thomas Shore Gardnerton, IN 15710"
34,Frances Henry,FrancesHenry,Frances.Henry@gmail.com,USNS Fitzpatrick FPO AP 74170
14,Meredith Lindsey,MeredithLindsey,Meredith.Lindsey@gmail.com,"0125 Pamela Roads Suite 573 Robertview, TN 81130"
45,David Randall,DavidRandall,David.Randall@gmail.com,"PSC 0949, Box 2041 APO AA 71725"
9,Karen Conley,KarenConley,Karen.Conley@gmail.com,"1364 Michael Hill Suite 750 Madisontown, CT 37329"
45,David Randall,DavidRandall,David.Randall@gmail.com,"PSC 0949, Box 2041 APO AA 71725"
31,Courtney Garcia DDS,CourtneyGarcia,Courtney.Garcia@gmail.com,"794 James Freeway Mathewsfurt, MI 18712"
25,Miguel Santiago,MiguelSantiago,Miguel.Santiago@gmail.com,Unit 8487 Box 8033 DPO AE 08178
16,Jack Myers,JackMyers,Jack.Myers@gmail.com,"3556 Tamara Road Apt. 376 North Maryshire, NC 83844"
46,Samuel Sanders,SamuelSanders,Samuel.Sanders@gmail.com,"6968 Harrison Meadows New Meganland, AL 47398"
33,Mr. Stanley Davis,Mr.Stanley,Mr..Stanley@gmail.com,"47013 Caldwell Parkway Apt. 925 Davidsonmouth, OK 87204"
35,James Brooks,JamesBrooks,James.Brooks@gmail.com,"701 Tonya Hills Brittanyport, NJ 91013"
9,Karen Conley,KarenConley,Karen.Conley@gmail.com,"1364 Michael Hill Suite 750 Madisontown, CT 37329"
43,Dennis Rios,DennisRios,Dennis.Rios@gmail.com,"008 Rowland Plains Jacksonport, NH 34492"
17,Vincent Leonard,VincentLeonard,Vincent.Leonard@gmail.com,"08849 Kevin Rapids New Baileytown, WY 45966"
50,Juan Hicks,JuanHicks,Juan.Hicks@gmail.com,"80203 Walter Estates Suite 342 Port Dana, WA 52677"
26,Brian Duke,BrianDuke,Brian.Duke@gmail.com,"400 Thompson Springs Port Amyland, AR 65691"
41,Jennifer Smith,JenniferSmith,Jennifer.Smith@gmail.com,"783 Kimberly Court Apt. 695 East Sharon, TN 15847"
45,David Randall,DavidRandall,David.Randall@gmail.com,"PSC 0949, Box 2041 APO AA 71725"
48,Kenneth Miller,KennethMiller,Kenneth.Miller@gmail.com,"60602 Henderson Fords Apt. 764 North Frankhaven, HI 85863"
4,Emily Jackson,EmilyJackson,Emily.Jackson@gmail.com,"PSC 0039, Box 7414 APO AE 01858"
45,David Randall,DavidRandall,David.Randall@gmail.com,"PSC 0949, Box 2041 APO AA 71725"
27,Michael Hernandez,MichaelHernandez,Michael.Hernandez@gmail.com,"72374 Sandra Haven New Andrewstad, NV 94835"
17,Vincent Leonard,VincentLeonard,Vincent.Leonard@gmail.com,"08849 Kevin Rapids New Baileytown, WY 45966"
48,Kenneth Miller,KennethMiller,Kenneth.Miller@gmail.com,"60602 Henderson Fords Apt. 764 North Frankhaven, HI 85863"
34,Frances Henry,FrancesHenry,Frances.Henry@gmail.com,USNS Fitzpatrick FPO AP 74170
32,Darren Gray,DarrenGray,Darren.Gray@gmail.com,"95058 Powers Island Johnsonside, WA 89838"
1,Christina Brown,ChristinaBrown,Christina.Brown@gmail.com,"145 Fisher Plain Port Phillipville, OH 56904"
24,Nicholas Dunn,NicholasDunn,Nicholas.Dunn@gmail.com,"61079 Thomas Shore Gardnerton, IN 15710"
23,Charles Esparza,CharlesEsparza,Charles.Esparza@gmail.com,"0680 Adam Key South Chad, HI 15004"
1,Christina Brown,ChristinaBrown,Christina.Brown@gmail.com,"145 Fisher Plain Port Phillipville, OH 56904"
31,Courtney Garcia DDS,CourtneyGarcia,Courtney.Garcia@gmail.com,"794 James Freeway Mathewsfurt, MI 18712"
27,Michael Hernandez,MichaelHernandez,Michael.Hernandez@gmail.com,"72374 Sandra Haven New Andrewstad, NV 94835"
25,Miguel Santiago,MiguelSantiago,Miguel.Santiago@gmail.com,Unit 8487 Box 8033 DPO AE 08178
13,Sabrina Wang,SabrinaWang,Sabrina.Wang@gmail.com,"2566 Emily Ports Suite 151 Jamesshire, LA 84360"
44,Oscar Caldwell,OscarCaldwell,Oscar.Caldwell@gmail.com,"982 Andrew Underpass Suite 779 New Michaelshire, OH 97878"
13,Sabrina Wang,SabrinaWang,Sabrina.Wang@gmail.com,"2566 Emily Ports Suite 151 Jamesshire, LA 84360"
22,John Morrow,JohnMorrow,John.Morrow@gmail.com,"3115 Ronald Radial Suite 453 Carrfort, OK 90593"
18,Joshua Hansen,JoshuaHansen,Joshua.Hansen@gmail.com,Unit 9153 Box 5256 DPO AA 17953
39,George Stout,GeorgeStout,George.Stout@gmail.com,"50663 Stacy Isle Georgefurt, PA 81787"
43,Dennis Rios,DennisRios,Dennis.Rios@gmail.com,"008 Rowland Plains Jacksonport, NH 34492"
37,Shannon Tucker,ShannonTucker,Shannon.Tucker@gmail.com,"2643 Brian Lakes Aguirrebury, CA 70775"
32,Darren Gray,DarrenGray,Darren.Gray@gmail.com,"95058 Powers Island Johnsonside, WA 89838"
47,Eric Marshall,EricMarshall,Eric.Marshall@gmail.com,"7729 Bradford Springs Apt. 296 Christieland, AL 52634"
20,Justin Gonzalez,JustinGonzalez,Justin.Gonzalez@gmail.com,"6493 Davis Walks Suite 766 New Robert, ME 32152"
47,Eric Marshall,EricMarshall,Eric.Marshall@gmail.com,"7729 Bradford Springs Apt. 296 Christieland, AL 52634"
17,Vincent Leonard,VincentLeonard,Vincent.Leonard@gmail.com,"08849 Kevin Rapids New Baileytown, WY 45966"
30,Sheila Holmes,SheilaHolmes,Sheila.Holmes@gmail.com,"4518 Johnson Throughway Mayshaven, KS 69102"
31,Courtney Garcia DDS,CourtneyGarcia,Courtney.Garcia@gmail.com,"794 James Freeway Mathewsfurt, MI 18712"
20,Justin Gonzalez,JustinGonzalez,Justin.Gonzalez@gmail.com,"6493 Davis Walks Suite 766 New Robert, ME 32152"
1,Christina Brown,ChristinaBrown,Christina.Brown@gmail.com,"145 Fisher Plain Port Phillipville, OH 56904"
20,Justin Gonzalez,JustinGonzalez,Justin.Gonzalez@gmail.com,"6493 Davis Walks Suite 766 New Robert, ME 32152"
33,Mr. Stanley Davis,Mr.Stanley,Mr..Stanley@gmail.com,"47013 Caldwell Parkway Apt. 925 Davidsonmouth, OK 87204"
6,John Mitchell,JohnMitchell,John.Mitchell@gmail.com,"7247 April Ville Suite 533 West Christinashire, NM 20136"
11,Matthew Walker,MatthewWalker,Matthew.Walker@gmail.com,"9994 Denise Mills Suite 245 Samanthashire, ID 56928"
21,Matthew Hardy,MatthewHardy,Matthew.Hardy@gmail.com,"7653 Michelle Extensions Apt. 073 New Donald, AZ 84920"
19,Miranda Schroeder,MirandaSchroeder,Miranda.Schroeder@gmail.com,"99833 Jason Unions Suite 828 Gabrielmouth, VT 17200"
28,Lori Campos,LoriCampos,Lori.Campos@gmail.com,"429 Angela Pike Apt. 389 Port Wanda, OR 44178"
42,Marco Curtis,MarcoCurtis,Marco.Curtis@gmail.com,"10221 Paula Highway Suite 342 Garrisonmouth, HI 48762"
7,Nicholas Howard,NicholasHoward,Nicholas.Howard@gmail.com,"970 Patel Fort Callahanland, AZ 29356"
